{
"age": 14.184362528547354, 
"altitude": 64.39902598573384, 
"azimuth": 161.75870075487333, 
"colong": 87.51934931686039, 
"fractional_phase": 0.9994285450610996, 
"libration_lat": -1.0329025160724121, 
"libration_lon": 5.188595335252336, 
"next_four_phases": {
    "0": {"phase": "tq", "datetime": [2013, 10, 26, 23, 40, 29]}, 
    "1": {"phase": "new", "datetime": [2013, 11, 3, 12, 49, 58]}, 
    "2": {"phase": "fq", "datetime": [2013, 11, 10, 5, 57, 10]},
    "3": {"phase": "full", "datetime": [2013, 11, 17, 15, 15, 44]}
}
}